id,type,sku,name,status,featured,catalog_visibility,short_description,description,date_on_sale_from,date_on_sale_to,tax_status,tax_class,stock_status,backorders,sold_individually,weight,height,reviews_allowed,purchase_note,price,regular_price,manage_stock/stock_quantitiy,category_ids,tag_ids,shipping_class_id,attributes,attributes,default_attributes,attributes,image_id/gallery_image_ids,attributes,downloads,downloads,download_limit,download_expiry,parent_id,upsell_ids,cross_sell_ids
100,simple,12345,Carlow,1,1,visible,This is the first test product,lots more info,,,taxable,standard,1,0,1,5,12,1,Thanks so much!,4.99,5.99,25,"Carlow > Bagenalstown, Carlow > Ballon, Carlow > Borris, Carlow > Carlow Town, Carlow > Fenagh, Carlow > Glynn, Carlow > Hacketstown, Carlow > Kildavin, Carlow > Leighlinbridge, Carlow > Myshall, Carlow > Nurney, Carlow > Rathvilly, Carlow > St. Mullins, Carlow > Tullow, Carlow > Clonegal, Carlow > Palatine, Carlow > Magney, Carlow > Graiguecullen, Carlow > Garryhill, Carlow > Tinryland, Carlow > Rathoe, Carlow > Old Leighlin, Carlow > Killeshin, Carlow > Ardattin, Carlow > Killerig, Carlow > Urglin Glebe",Carlow,domestic,color,"blue, red, green",blue,1,,"blue, red, green",,,,,,,
101,simple,12346,Cavan,1,1,visible,This is the first test product,lots more info,,,taxable,standard,1,0,1,5,12,1,Thanks so much!,4.99,5.99,25,"Cavan > Ardlougher, Cavan >  Arva, Cavan >  Bailieborough, Cavan >  Ballyhaise, Cavan >  Ballyheelan, Cavan >  Ballyjamesduff, Cavan >  Ballymacgovern, Cavan >  Ballyconnell, Cavan >  Bawnboy, Cavan >  Ballinagh, Cavan >  Belturbet, Cavan >  Blacklion, Cavan >  Carrickaboy, Cavan >  Cavan, Cavan >  Castlerahan, Cavan >  Cloverhill, Cavan >  Cootehill, Cavan >  Corlough, Cavan >  Cornafean, Cavan >  Crossdoney, Cavan >  Crosskeys, Cavan >  Crosserlough, Cavan >  Finea, Cavan >  Garadice, Cavan >  Gowna, Cavan >  Kilcogy, Cavan >  Killeshandra, Cavan >  Kilnaleck, Cavan >  Kingscourt, Cavan >  Larah, Cavan >  Loughduff, Cavan >  Mountnugent, Cavan >  Mullagh, Cavan >  Poles, Cavan >  Redhills, Cavan >  Shercock, Cavan >  Stradone, Cavan >  Swanlinbar, Cavan >  Virginia, Cavan >  Loch Gowna, Cavan >  Glangevlin, Cavan >  Butlersbridge",Cavan,domestic,color,"blue, red, green",blue,1,,"blue, red, green",,,,,,,
102,simple,12347,Clare,1,1,visible,This is the first test product,lots more info,,,taxable,standard,1,0,1,5,12,1,Thanks so much!,4.99,5.99,25,"Clare > Ardnacrusha, Clare >  Ballina, Clare >  Ballybeg, Clare >  Ballynacally, Clare >  Ballyvaughan, Clare >  Barefield, Clare >  Bellharbour, Clare > Bodyke, Clare > Broadford, Clare > Bunratty, Clare >  The Burren, Clare >  Carrigaholt, Clare >  Clarecastle, Clare > 
Clonlara, Clare > Clooney, Clare > Connolly, Clare > Corofin, Clare > Cranny, Clare > Cratloe, Clare > Creegh, Clare > Crusheen, Clare > Doolin, Clare > Doonbeg, Clare > Ennis, Clare > Ennistymon, Clare > Fanore, Clare > Feakle, Clare > Flagmount, Clare > Inagh, Clare > 
Islands, Clare > Killaloe, Clare > Kilbaha, Clare > Kildysart, Clare > Kilfenora, Clare > Kilkee, Clare > Kilkishen, Clare > Kilmihil, Clare > Kilmaley, Clare > Kilrush, Clare > Kilshanny, Clare > Labasheeda, Clare > Lahinch, Clare > Liscannor, Clare > Lisdoonvarna, Clare > Lissycasey, Clare > Loop Head, Clare > Meelick, Clare > Miltown Malbay, Clare > Mountshannon, Clare > Moyasta, Clare > Mullagh, Clare > Newmarket on Fergus, Clare > O Briensbridge, Clare > Ogonelloe, Clare > Parteen, Clare > Quilty, Clare > Quin, Clare > Ruan, Clare > 
Scarriff, Clare > Shannon, Clare > Sixmilebridge, Clare > Tarbert, Clare > Tuamgraney, Clare > Tulla, Clare > Whitegate, Clare > Newquay, Clare > Tubber, Clare > Killimer, Clare > Kilnamona, Clare > Kilnaboy, Clare > Ballinruan, Clare > Cooraclare, Clare > Cross, Clare > 
Darragh, Clare > Spanish Point, Clare > Tiermaclane, Clare > Carron, Clare > Kilmurry, Clare > Kilmurry McMahon, Clare > O'Callaghans Mills, Clare > Bridgetown, Clare > Caher, Clare > Killanena",Clare,domestic,color,"blue, red, green",blue,1,,"blue, red, green",,,,,,,
103,simple,12348,Cork,1,1,visible,This is the first test product,lots more info,,,taxable,standard,1,0,1,5,12,1,Thanks so much!,4.99,5.99,25,"Cork > Aghada, Cork > Aherla, Cork > Banteer, Cork > Barnavara, Cork > Crossbarry, Cork > Ballincollig, Cork > Berrings, Cork > Ballygarvan, Cork > Ballinhassig, Cork > Blarney, Cork > Ballinure, Cork > Boherbue, Cork > Brinny, Cork > Bweeng, Cork > Ballyvourney, Cork > Cork City, Cork > Cork Airport, Cork > Carrigaline, Cork > Carrigtwohill, Cork > Carrignavar, Cork > Carrigrohane, Cork > Castlelyons, Cork > Castlemagner, Cork > Charleville, Cork > Curraheen, Cork > Clogheen, Cork > Cloghroe, Cork > Cloyne, Cork > Coachford, Cork > Cobh, Cork > Conna, Cork > Ballycotton, Cork > Crookstown, Cork > Crosshaven, Cork > Dripsey, Cork > Rathduff, Cork > Farnanes, Cork > Farran, Cork > Fermoy, Cork > Fota, Cork > Glenbrook, Cork > Glenville, Cork > Glounthaune, Cork > Grenagh, Cork > Garryvoe, Cork > Halfway, Cork > Inniscarra, Cork > Jacobs Island, Cork > Kanturk, Cork > Kerry Pike, Cork > Kildorrery, Cork > Kileady, Cork > Killeagh, Cork > Kilworth, Cork > Ladysbridge, Cork > Lissarda, Cork > Little Island, Cork > Lyre, Cork > Macroom, Cork > Mallow, Cork > Castlemartyr, Cork > Mahon Point, Cork > Mitchelstown, Cork > Midleton, Cork > Millstreet, Cork > Glanmire, Cork > Monkstown, Cork > Newmarket, Cork > Ovens, Cork > Oysterhaven, Cork > Passage West, Cork > Raheen, Cork > Rathcormac, Cork > Ringaskiddy, Cork > Riverstown, Cork > Riverstick, Cork > Rostellan, Cork > Rylane, Cork > Shanagarry, Cork > Shanballymore, Cork > Templemartin, Cork > Tower, Cork > Tullylease, Cork > Watergrasshill, Cork > Whitechurch, Cork > Whitegate, Cork > Waterfall, Cork > Youghal, Cork > Whites Cross, Cork > Cork North, Cork > West Cork, Cork > Goleen, Cork > Castletownroche, Cork > Buttevant, Cork > Newtownshandrum, Cork > Crookhaven, Cork > Belgooly, Cork > Ballinadee, Cork > Dunderrow, Cork > Freemount, Cork > Glanworth, Cork > Rockchapel, Cork > Kilcully, Cork > Dublin Pike, Cork > Leamlara, Cork > Doneraile, Cork > Curraglass, Cork > Ballyhooly, Cork > Donoughmore, Cork > Minane Bridge, Cork > Matehy, Cork > Vicarstown, Cork > Ballynoe, Cork > Fountainstown, Cork > Myrtleville, Cork > Nohoval, Cork > Ballyfeard, Cork > Shanbally, Cork > Knockraha, Cork > Churchtown, Cork > Rathcoole, Cork > Cloughduv, Cork > Lehenaghmore, Cork > Mogeely, Cork > Burnfort, Cork > Ballydesmond, Cork > Killavullen, Cork > Dromahane, Cork > Glantane, Cork > Ballymacoda, Cork > Fairhill, Cork > Farranree, Cork > Dungourney, Cork > Lombardstown, Cork > Meelin, Cork > Kilbrin, Cork > Ballincurrig, Cork > Lisgoold, Cork > Farmers Cross, Cork > Aghabullogue, Cork > Cullen, Cork > Knocknagree, Cork > Rathpeacon, Cork > Carrigadrohid, Cork > Inchigeelagh",Cork,domestic,color,"blue, red, green",blue,1,,"blue, red, green",,,,,,,
104,simple,12349,Cork City,1,1,visible,This is the first test product,lots more info,,,taxable,standard,1,0,1,5,12,1,Thanks so much!,4.99,5.99,25,"Cork City > Blackrock, Cork City > Ballinlough, Cork City > Ballyphehane, Cork City > Blackpool, Cork City > Ballintemple, Cork City > Bishopstown, Cork City > Ballyvolane, Cork City > Carrigtwohill, Cork City > City Centre Sth, Cork City > City Centre Nth, Cork City > Dublin Hill, Cork City > Donnybrook, Cork City > Douglas, Cork City > Frankfield, Cork City > Glasheen, Cork City > Grange, Cork City > Gurranabraher, Cork City > Knocknaheeny, Cork City > Mahon, Cork City > Mayfield, Cork City > Glanmire, Cork City > Model Farm Road, Cork City > Montenotte, Cork City > Rochestown, Cork City > Shanakiel, Cork City > St Lukes, Cork City > Sundays Well, Cork City > Tivoli, Cork City > Togher, Cork City > Turners Cross, Cork City > Wilton, Cork City > Silversprings, Cork City > The Lough",Cork City,domestic,color,"blue, red, green",blue,1,,"blue, red, green",,,,,,,
105,simple,12350,Donegal,1,1,visible,This is the first test product,lots more info,,,taxable,standard,1,0,1,5,12,1,Thanks so much!,4.99,5.99,25,"Donegal > Annagry, Donegal > Ardara, Donegal > Ballyshannon, Donegal > Ballybofey, Donegal > Buncrana, Donegal > Bundoran, Donegal > Burtonport, Donegal > Clonmany, Donegal > Donegal Town, Donegal > Downings, Donegal > Drumkeen, Donegal > Dunfanaghy, Donegal > Dungloe, Donegal > Falcarragh, Donegal > Fanad, Donegal > Carrigart, Donegal > Glencolmcille, Donegal > Glenties, Donegal > Gweedore, Donegal > Inver, Donegal > Islands, Donegal > Killybegs, Donegal > Letterkenny, Donegal > Lifford, Donegal > Manorcunningham, Donegal > Milford, Donegal > Mullaghuff, Donegal > Newtown Cunningham, Donegal > Inishowen, Donegal > Raphoe, Donegal > Ramelton, Donegal > Rathmullan, Donegal > Rossnowlagh, Donegal > Stranorlar, Donegal > Dunkineely, Donegal > Ballyliffin, Donegal > Bruckless, Donegal > Bunbeg, Donegal > Burt, Donegal > Carndonagh, Donegal > Carrick, Donegal > Churchill, Donegal > Creeslough, Donegal > Cruit Island, Donegal > Culdaff, Donegal > Derrybeg, Donegal > Doochary, Donegal > Dunlewey, Donegal > Fahan, Donegal > Glengad, Donegal > Gortahork, Donegal > Greencastle, Donegal > Inch Island, Donegal > Kerrykeel, Donegal > Kilcar, Donegal > Kilmacrennan, Donegal > Kincasslagh, Donegal > Lettermacaward, Donegal > Loughanure, Donegal > Malin, Donegal > Malin Head, Donegal > Mountcharles, Donegal > Moville, Donegal > Muff, Donegal > Narin, Donegal > Pettigo, Donegal > Portnablagh, Donegal > Portnoo, Donegal > Portsalon, Donegal > Quigleys Point, Donegal > Redcastle, Donegal > St Johns Point, Donegal > Convoy, Donegal > Killygordon, Donegal > Castlefin, Donegal > Cloghan, Donegal > Castlefinn, Donegal > St. Johnston, Donegal > Laghey, Donegal > Ballintra, Donegal > Carrigans",Donegal,domestic,color,"blue, red, green",blue,1,,"blue, red, green",,,,,,,
106,simple,12351,Dublin,1,1,visible,This is the first test product,lots more info,,,taxable,standard,1,0,1,5,12,1,Thanks so much!,4.99,5.99,25,"Dublin > Dublin North, Dublin > Dublin South, Dublin > Dublin West, Dublin > Dublin 1, Dublin > Dublin 2, Dublin > Dublin 3, Dublin > Dublin 4, Dublin > Dublin 5, Dublin > Dublin 6, Dublin > Dublin 6W, Dublin > Dublin 7, Dublin > Dublin 8, Dublin > Dublin 9, Dublin > Dublin 10, Dublin > Dublin 11, Dublin > Dublin 12, Dublin > Dublin 13, Dublin > Dublin 14, Dublin > Dublin 15, Dublin > Dublin 16, Dublin > Dublin 17, Dublin > Dublin 18, Dublin > Dublin 20, Dublin > Dublin 22, Dublin > Dublin 24, Dublin > Dublin County, Dublin > Dublin North County, Dublin > Dublin South County",Dublin,domestic,color,"blue, red, green",blue,1,,"blue, red, green",,,,,,,
107,simple,12352,Dublin 1,1,1,visible,This is the first test product,lots more info,,,taxable,standard,1,0,1,5,12,1,Thanks so much!,4.99,5.99,25,"Dublin 1 > North City Centre, Dublin 1 > North Circular Road, Dublin 1 > Docklands, Dublin 1 > IFSC, Dublin 1 > Abbey Street, Dublin 1 > Amiens Street, Dublin 1 > Capel Street, Dublin 1 > Dorset Street, Dublin 1 > Henry Street, Dublin 1 > Mary Street, Dublin 1 > Mountjoy Square, Dublin 1 > Marlborough Street, Dublin 1 > North Wall, Dublin 1 > O'Connell Street, Dublin 1 > Parnell Square, Dublin 1 > Talbot Street",Dublin 1,domestic,color,"blue, red, green",blue,1,,"blue, red, green",,,,,,,
108,simple,12353,Dublin 10,1,1,visible,This is the first test product,lots more info,,,taxable,standard,1,0,1,5,12,1,Thanks so much!,4.99,5.99,25,"Dublin 10 > Ballyfermot, Dublin 10 > Cherry Orchard",Dublin 10,domestic,color,"blue, red, green",blue,1,,"blue, red, green",,,,,,,
109,simple,12354,Dublin 11,1,1,visible,This is the first test product,lots more info,,,taxable,standard,1,0,1,5,12,1,Thanks so much!,4.99,5.99,25,"Dublin 11 > Ballymun, Dublin 11 > Finglas, Dublin 11 > Glasnevin, Dublin 11 > Cappagh Road, Dublin 11 > Glasnevin Nth, Dublin 11 > Griffith Ave, Dublin 11 > Poppintree",Dublin 11,domestic,color,"blue, red, green",blue,1,,"blue, red, green",,,,,,,
110,simple,12355,Dublin 12,1,1,visible,This is the first test product,lots more info,,,taxable,standard,1,0,1,5,12,1,Thanks so much!,4.99,5.99,25,"Dublin 12 > Crumlin, Dublin 12 > Drimnagh, Dublin 12 > Greenhills, Dublin 12 > Kimmage, Dublin 12 > Kylemore Road, Dublin 12 > Longmile road, Dublin 12 > naas, Dublin 12 > Perrystown, Dublin 12 > Walkinstown, Dublin 12 > Bluebell, Dublin 12 > Ballymount, Dublin 12 > Park West, Dublin 12 > Harold's Cross - D12",Dublin 12,domestic,color,"blue, red, green",blue,1,,"blue, red, green",,,,,,,
111,simple,12356,Dublin 13,1,1,visible,This is the first test product,lots more info,,,taxable,standard,1,0,1,5,12,1,Thanks so much!,4.99,5.99,25,"Dublin 13 > Balgriffin, Dublin 13 > Baldoyle, Dublin 13 > Clongriffin, Dublin 13 > Donaghmede, Dublin 13 > Ayrfield, Dublin 13 > Clarehall, Dublin 13 > Northern Cross, Dublin 13 > Bayside, Dublin 13 > Beaupark, Dublin 13 > Sutton, Dublin 13 > Ard Na Greine, Dublin 13 > Belmayne",Dublin 13,domestic,color,"blue, red, green",blue,1,,"blue, red, green",,,,,,,
112,simple,12357,Dublin 14,1,1,visible,This is the first test product,lots more info,,,taxable,standard,1,0,1,5,12,1,Thanks so much!,4.99,5.99,25,"Dublin 14 > Churchtown, Dublin 14 > Clonskeagh, Dublin 14 > Dundrum, Dublin 14 > Goatstown, Dublin 14 > Kilmacud, Dublin 14 > Rathfarnham, Dublin 14 > Windy Arbour, Dublin 14 > Rathgar - D14",Dublin 14,domestic,color,"blue, red, green",blue,1,,"blue, red, green",,,,,,,
113,simple,12358,Dublin 15,1,1,visible,This is the first test product,lots more info,,,taxable,standard,1,0,1,5,12,1,Thanks so much!,4.99,5.99,25,"Dublin 15 > Blanchardstown, Dublin 15 > Carpenterstown, Dublin 15 > Castleknock, Dublin 15 > Clonee, Dublin 15 > Clonsilla, Dublin 15 > Mulhuddart, Dublin 15 > Ashtown, Dublin 15 > Northwest Business Park, Dublin 15 > Porterstown, Dublin 15 > Tyrrelstown, Dublin 15 > Abbotstown, Dublin 15 > Corduff, Dublin 15 > Damastown, Dublin 15 > Hartstown, Dublin 15 > Hollystown, Dublin 15 > Ongar, Dublin 15 > Coolmine, Dublin 15 > Huntstown",Dublin 15,domestic,color,"blue, red, green",blue,1,,"blue, red, green",,,,,,,
114,simple,12359,Dublin 16,1,1,visible,This is the first test product,lots more info,,,taxable,standard,1,0,1,5,12,1,Thanks so much!,4.99,5.99,25,"Dublin 16 > Ballinteer, Dublin 16 > Churchtown, Dublin 16 > Dundrum, Dublin 16 > Knocklyon, Dublin 16 > Rathfarnham, Dublin 16 > Ballyboden, Dublin 16 > Sandyford, Dublin 16 > Templeogue, Dublin 16 > Ballycullen Road",Dublin 16,domestic,color,"blue, red, green",blue,1,,"blue, red, green",,,,,,,
115,simple,12360,Dublin 17,1,1,visible,This is the first test product,lots more info,,,taxable,standard,1,0,1,5,12,1,Thanks so much!,4.99,5.99,25,"Dublin 17 > Clonshaugh, Dublin 17 > Coolock, Dublin 17 > Clarehall, Dublin 17 > Darndale, Dublin 17 > Northern Cross",Dublin 17,domestic,color,"blue, red, green",blue,1,,"blue, red, green",,,,,,,
116,simple,12361,Dublin 18,1,1,visible,This is the first test product,lots more info,,,taxable,standard,1,0,1,5,12,1,Thanks so much!,4.99,5.99,25,"Dublin 18 > Cabinteely, Dublin 18 > Carrickmines, Dublin 18 > Foxrock, Dublin 18 > Glencullen, Dublin 18 > Kilternan, Dublin 18 > Leopardstown, Dublin 18 > Loughlinstown, Dublin 18 > Rathmichael, Dublin 18 > Brennanstown Road, Dublin 18 > Sandyford, Dublin 18 > Shankill, Dublin 18 > Stepaside, Dublin 18 > Ticknock, Dublin 18 > Cornelscourt",Dublin 18,domestic,color,"blue, red, green",blue,1,,"blue, red, green",,,,,,,
117,simple,12362,Dublin 2,1,1,visible,This is the first test product,lots more info,,,taxable,standard,1,0,1,5,12,1,Thanks so much!,4.99,5.99,25,"Dublin 2 > South City Centre, Dublin 2 > Grand Canal Dk, Dublin 2 > Temple Bar, Dublin 2 > Merrion Square, Dublin 2 > Grafton Street, Dublin 2 > Dame Street, Dublin 2 > Leeson Street, Dublin 2 > Wexford Street, Dublin 2 > Baggot Street, Dublin 2 > South Great George's Street",Dublin 2,domestic,color,"blue, red, green",blue,1,,"blue, red, green",,,,,,,
118,simple,12363,Dublin 20,1,1,visible,This is the first test product,lots more info,,,taxable,standard,1,0,1,5,12,1,Thanks so much!,4.99,5.99,25,"Dublin 20 > Chapelizod, Dublin 20 > Palmerstown, Dublin 20 > Strawberry Beds",Dublin 20,domestic,color,"blue, red, green",blue,1,,"blue, red, green",,,,,,,
119,simple,12364,Dublin 22,1,1,visible,This is the first test product,lots more info,,,taxable,standard,1,0,1,5,12,1,Thanks so much!,4.99,5.99,25,"Dublin 22 > Baldonnel, Dublin 22 > Clondalkin, Dublin 22 > Naas Road, Dublin 22 > Newlandscross, Dublin 22 > Nangor Road, Dublin 22 > Red Cow Roundabout, Dublin 22 > Liffey Valley",Dublin 22,domestic,color,"blue, red, green",blue,1,,"blue, red, green",,,,,,,
120,simple,12365,Dublin 24,1,1,visible,This is the first test product,lots more info,,,taxable,standard,1,0,1,5,12,1,Thanks so much!,4.99,5.99,25,"Dublin 24 > Firhouse, Dublin 24 > Glenasmole, Dublin 24 > Greenhills, Dublin 24 > Bohernabreena, Dublin 24 > Tallaght, Dublin 24 > Ballycoolin, Dublin 24 > Ballycullen, Dublin 24 > Citywest, Dublin 24 > Kingswood",Dublin 24,domestic,color,"blue, red, green",blue,1,,"blue, red, green",,,,,,,
121,simple,12366,Dublin 3,1,1,visible,This is the first test product,lots more info,,,taxable,standard,1,0,1,5,12,1,Thanks so much!,4.99,5.99,25,"Dublin 3 > Clontarf, Dublin 3 > Donnycarney, Dublin 3 > Dollymount, Dublin 3 > Drumcondra, Dublin 3 > East Wall, Dublin 3 > Fairview, Dublin 3 > Marino, Dublin 3 > Ballybough, Dublin 3 > Clonliffe, Dublin 3 > North Strand",Dublin 3,domestic,color,"blue, red, green",blue,1,,"blue, red, green",,,,,,,
122,simple,12367,Dublin 4,1,1,visible,This is the first test product,lots more info,,,taxable,standard,1,0,1,5,12,1,Thanks so much!,4.99,5.99,25,"Dublin 4 > Ballsbridge, Dublin 4 > Donnybrook, Dublin 4 > Irishtown, Dublin 4 > Ringsend, Dublin 4 > Sandymount, Dublin 4 > Grand Canal Dk, Dublin 4 > Merrion",Dublin 4,domestic,color,"blue, red, green",blue,1,,"blue, red, green",,,,,,,
123,simple,12368,Dublin 5,1,1,visible,This is the first test product,lots more info,,,taxable,standard,1,0,1,5,12,1,Thanks so much!,4.99,5.99,25,"Dublin 5 > Artane, Dublin 5 > Coolock, Dublin 5 > Donnycarney, Dublin 5 > Kilbarrack, Dublin 5 > Killester, Dublin 5 > Kilmore, Dublin 5 > Edenmore, Dublin 5 > Raheny",Dublin 5,domestic,color,"blue, red, green",blue,1,,"blue, red, green",,,,,,,
124,simple,12369,Dublin 6,1,1,visible,This is the first test product,lots more info,,,taxable,standard,1,0,1,5,12,1,Thanks so much!,4.99,5.99,25,"Dublin 6 > Dartry, Dublin 6 > Harold's Cross, Dublin 6 > Milltown, Dublin 6 > Ranelagh, Dublin 6 > Rathgar, Dublin 6 > Rathmines, Dublin 6 > Terenure",Dublin 6,domestic,color,"blue, red, green",blue,1,,"blue, red, green",,,,,,,
124,simple,12369,Dublin 7,1,1,visible,This is the first test product,lots more info,,,taxable,standard,1,0,1,5,12,1,Thanks so much!,4.99,5.99,25,"Dublin 7 > North City Centre, Dublin 7 > Arbour Hill, Dublin 7 > Cabra, Dublin 7 > Navan Road, Dublin 7 > Blackhorse Ave, Dublin 7 > Broadstone, Dublin 7 > North Circular Road, Dublin 7 > Smithfield, Dublin 7 > Phibsboro, Dublin 7 > Stoneybatter,",Dublin 7,domestic,color,"blue, red, green",blue,1,,"blue, red, green",,,,,,,
124,simple,12369,Dublin 8,1,1,visible,This is the first test product,lots more info,,,taxable,standard,1,0,1,5,12,1,Thanks so much!,4.99,5.99,25,"Dublin 8 > South City Centre, Dublin 8 > The Coombe, Dublin 8 > Dolphins Barn, Dublin 8 > Islandbridge, Dublin 8 > Inchicore, Dublin 8 > Kilmainham, Dublin 8 > Portobello, Dublin 8 > Rialto, Dublin 8 > Blackpits, Dublin 8 > Christchurch, Dublin 8 > South Circular Road, Dublin 8 > South City Centre - D8",Dublin 8,domestic,color,"blue, red, green",blue,1,,"blue, red, green",,,,,,,
124,simple,12369,Dublin 9,1,1,visible,This is the first test product,lots more info,,,taxable,standard,1,0,1,5,12,1,Thanks so much!,4.99,5.99,25,"Dublin 9 > Beaumont, Dublin 9 > Ballymun, Dublin 9 > Donnycarney, Dublin 9 > Drumcondra, Dublin 9 > Glasnevin, Dublin 9 > Glasnevin Nth, Dublin 9 > Griffith Ave, Dublin 9 > Elm Mount, Dublin 9 > Santry, Dublin 9 > Whitehall",Dublin 9,domestic,color,"blue, red, green",blue,1,,"blue, red, green",,,,,,,
124,simple,12369,Dublin 6W,1,1,visible,This is the first test product,lots more info,,,taxable,standard,1,0,1,5,12,1,Thanks so much!,4.99,5.99,25,"Dublin 6W > Harold's Cross, Dublin 6W > Kimmage, Dublin 6W > Templeogue, Dublin 6W > Terenure",Dublin 6W,domestic,color,"blue, red, green",blue,1,,"blue, red, green",,,,,,,
124,simple,12369,Dublin County,1,1,visible,This is the first test product,lots more info,,,taxable,standard,1,0,1,5,12,1,Thanks so much!,4.99,5.99,25,"Dublin County > Balbriggan, Dublin County > Balgriffin, Dublin County > Ballyboughal, Dublin County > Blackrock, Dublin County > Booterstown, Dublin County > Brittas, Dublin County > Balrothery, Dublin County > Cloghran, Dublin County > Dalkey, Dublin County > Deansgrange, Dublin County > Donabate, Dublin County > Dun Laoghaire, Dublin County > Garristown, Dublin County > Glasthule, Dublin County > Glenageary, Dublin County > Glencullen, Dublin County > Gormanston, Dublin County > Howth, Dublin County > Killiney, Dublin County > Kilternan, Dublin County > Kinsealy, Dublin County > Lucan, Dublin County > Lusk, Dublin County > Malahide, Dublin County > Monkstown, Dublin County > Mount Merrion, Dublin County > Naul, Dublin County > Newcastle, Dublin County > Loughshinny, Dublin County > Naas Road, Dublin County > St Margarets, Dublin County > Oldtown, Dublin County > Portmarnock, Dublin County > Portrane, Dublin County > Rathcoole, Dublin County > Rathmichael, Dublin County > Rolestown, Dublin County > Roseville, Dublin County > Rush, Dublin County > Saggart, Dublin County > Sallynoggin, Dublin County > Sandycove, Dublin County > Ballyboden, Dublin County > Sandyford, Dublin County > Shankill, Dublin County > Skerries, Dublin County > Stepaside, Dublin County > Stillorgan, Dublin County > Sutton, Dublin County > Swords, Dublin County > Adamstown, Dublin County > Balgaddy, Dublin County > Citywest, Dublin County > The Ward, Dublin County > Kilsallaghan",Dublin County,domestic,color,"blue, red, green",blue,1,,"blue, red, green",,,,,,,
124,simple,12369,Dublin North,1,1,visible,This is the first test product,lots more info,,,taxable,standard,1,0,1,5,12,1,Thanks so much!,4.99,5.99,25,"Dublin North > North City Centre, Dublin County > Arbour Hill, Dublin County > Artane, Dublin County > Balgriffin, Dublin County > Baldoyle, Dublin County > Beaumont, Dublin County > Ballymun, Dublin County > Cabra, Dublin County > Clongriffin, Dublin County > Clonshaugh, Dublin County > Clontarf, Dublin County > Coolock, Dublin County > Donnycarney, Dublin County > Dollymount, Dublin County > Donaghmede, Dublin County > Drumcondra, Dublin County > East Wall, Dublin County > Fairview, Dublin County > Finglas, Dublin County > Glasnevin, Dublin County > Gormanston, Dublin County > Islandbridge, Dublin County > Kilbarrack, Dublin County > Killester, Dublin County > Marino, Dublin County > Meakstown, Dublin County > Mulhuddart, Dublin County > Ashtown, Dublin County > Navan Road, Dublin County > Ayrfield, Dublin County > Ballybough, Dublin County > Blackhorse Ave, Dublin County > Broadstone, Dublin County > Cappagh Road, Dublin County > North Circular Road, Dublin County > Clarehall, Dublin County > Clonliffe, Dublin County > Darndale, Dublin County > Docklands, Dublin County > Glasnevin Nth, Dublin County > Griffith Ave, Dublin County > IFSC, Dublin County > Kilmore, Dublin County > Loughshinny, Dublin County > Northern Cross, Dublin County > North Strand, Dublin County > Northwest Business Park, Dublin County > Poppintree, Dublin County > Smithfield, Dublin County > Bayside, Dublin County > Beaupark, Dublin County > Edenmore, Dublin County > Elm Mount, Dublin County > Phibsboro, Dublin County > Raheny, Dublin County > Roseville, Dublin County > Santry, Dublin County > Stoneybatter, Dublin County > Sutton, Dublin County > Whitehall, Dublin County > Abbey Street, Dublin County > Amiens Street, Dublin County > Capel Street, Dublin County > Dorset Street, Dublin County > Henry Street, Dublin County > Mary Street, Dublin County > Mountjoy Square, Dublin County > Marlborough Street, Dublin County > North Wall, Dublin County > O'Connell Street, Dublin County > Parnell Square, Dublin County > Talbot Street, Dublin County > Balscadden",Dublin North,domestic,color,"blue, red, green",blue,1,,"blue, red, green",,,,,,,
124,simple,12369,Dublin North County,1,1,visible,This is the first test product,lots more info,,,taxable,standard,1,0,1,5,12,1,Thanks so much!,4.99,5.99,25,"Dublin North County > Balbriggan, Dublin North County > Balgriffin, Dublin North County > Ballyboughal, Dublin North County > Balrothery, Dublin North County > Cloghran, Dublin North County > Donabate, Dublin North County > Garristown, Dublin North County > Howth, Dublin North County > Kinsealy, Dublin North County > Lusk, Dublin North County > Malahide, Dublin North County > Naul, Dublin North County > Loughshinny, Dublin North County > St Margarets, Dublin North County > Oldtown, Dublin North County > Portmarnock, Dublin North County > Portrane, Dublin North County > Rolestown, Dublin North County > Rush, Dublin North County > Skerries, Dublin North County > Sutton, Dublin North County > Swords, Dublin North County > The Ward, Dublin North County > Feltrim",Dublin North County,domestic,color,"blue, red, green",blue,1,,"blue, red, green",,,,,,,
124,simple,12369,Dublin South,1,1,visible,This is the first test product,lots more info,,,taxable,standard,1,0,1,5,12,1,Thanks so much!,4.99,5.99,25,"Dublin South > South City Centre, Dublin South > Ballsbridge, Dublin South > Ballybrack, Dublin South > Brittas, Dublin South > Ballinteer, Dublin South > Cabinteely, Dublin South > Carrickmines, Dublin South > Churchtown, Dublin South > Clonskeagh, Dublin South > The Coombe, Dublin South > Crumlin, Dublin South > Dartry, Dublin South > Dolphins Barn, Dublin South > Donnybrook, Dublin South > Drimnagh, Dublin South > Dundrum, Dublin South > Firhouse, Dublin South > Foxrock, Dublin South > Goatstown, Dublin South > Harold's Cross, Dublin South > Islandbridge, Dublin South > Inchicore, Dublin South > Irishtown, Dublin South > Kilmainham, Dublin South > Kilmacud, Dublin South > Kilternan, Dublin South > Kimmage, Dublin South > Knocklyon, Dublin South > Leopardstown, Dublin South > Loughlinstown, Dublin South > Milltown, Dublin South > Mount Merrion, Dublin South > Perrystown, Dublin South > Portobello, Dublin South > Ranelagh, Dublin South > Rathfarnham, Dublin South > Rathgar, Dublin South > Rialto, Dublin South > Ringsend, Dublin South > Rathmichael, Dublin South > Rathmines, Dublin South > Sandymount, Dublin South > Ballyboden, Dublin South > Bohernabreena, Dublin South > Blackpits, Dublin South > Brennanstown Road, Dublin South > Christchurch, Dublin South > South Circular Road, Dublin South > Sandyford, Dublin South > Grand Canal Dk, Dublin South > Shankill, Dublin South > Temple Bar, Dublin South > Templeogue, Dublin South > Terenure, Dublin South > Ticknock, Dublin South > Ballycullen, Dublin South > Windy Arbour, Dublin South > Merrion Square, Dublin South > Grafton Street, Dublin South > Dame Street, Dublin South > Leeson Street, Dublin South > Wexford Street, Dublin South > South City Centre - D8, Dublin South > Cornelscourt",Dublin South,domestic,color,"blue, red, green",blue,1,,"blue, red, green",,,,,,,
124,simple,12369,Dublin South County,1,1,visible,This is the first test product,lots more info,,,taxable,standard,1,0,1,5,12,1,Thanks so much!,4.99,5.99,25,"Dublin South County > Ballybrack, Dublin South County > Blackrock, Dublin South County > Booterstown, Dublin South County > Dalkey, Dublin South County > Deansgrange, Dublin South County > Dun Laoghaire, Dublin South County > Glasthule, Dublin South County > Glenageary, Dublin South County > Glencullen, Dublin South County > Killiney, Dublin South County > Kilternan, Dublin South County > Monkstown, Dublin South County > Mount Merrion, Dublin South County > Rathmichael, Dublin South County > Sallynoggin, Dublin South County > Sandycove, Dublin South County > Shankill, Dublin South County > Stepaside, Dublin South County > Stillorgan, Dublin South County > Bray",Dublin South County,domestic,color,"blue, red, green",blue,1,,"blue, red, green",,,,,,,
124,simple,12369,Dublin West,1,1,visible,This is the first test product,lots more info,,,taxable,standard,1,0,1,5,12,1,Thanks so much!,4.99,5.99,25,"Dublin West > Baldonnel, Dublin West > Ballyfermot, Dublin West > Blanchardstown, Dublin West > Carpenterstown, Dublin West > Castleknock, Dublin West > Chapelizod, Dublin West > Clondalkin, Dublin West > Clonee, Dublin West > Clonsilla, Dublin West > Glenasmole, Dublin West > Greenhills, Dublin West > Kiltipper, Dublin West > Kylemore Road, Dublin West > Longmile road, Dublin West > Lucan, Dublin West > Mulhuddart, Dublin West > Newcastle, Dublin West > Naas Road, Dublin West > Palmerstown, Dublin West > Rathcoole, Dublin West > Saggart, Dublin West > Porterstown, Dublin West > Strawberry Beds, Dublin West > Tallaght, Dublin West > Tyrrelstown, Dublin West > Abbotstown, Dublin West > Adamstown, Dublin West > Walkinstown, Dublin West > Balgaddy, Dublin West > Bluebell, Dublin West > Ballymount, Dublin West > Ballycoolin, Dublin West > Cherry Orchard, Dublin West > Citywest, Dublin West > Corduff, Dublin West > Damastown, Dublin West > Hartstown, Dublin West > Hollystown, Dublin West > Kingswood, Dublin West > Newlandscross, Dublin West > Nangor Road, Dublin West > Ongar, Dublin West > Park West, Dublin West > Red Cow Roundabout",Dublin West,domestic,color,"blue, red, green",blue,1,,"blue, red, green",,,,,,,
124,simple,12369,Galway,1,1,visible,This is the first test product,lots more info,,,taxable,standard,1,0,1,5,12,1,Thanks so much!,4.99,5.99,25,"Galway > Abbeyknockmoy, Galway > Ahascragh, Galway > Annaghdown, Galway > Ardrahan, Galway > Athenry, Galway > Attymon, Galway > Aughrim, Galway > Ballinasloe, Galway > Ballynahinch, Galway > Ballygar, Galway > Ballymoe, Galway > Barna, Galway > Ballybane, Galway > Ballybrit, Galway > Ballyconneely, Galway > Ballinderreen, Galway > Bohermore, Galway > Boleybeg, Galway > Bullaun, Galway > Bushypark, Galway > Galway City, Galway > Caherlistrane, Galway > Carna, Galway > Carraroe, Galway > Cashel, Galway > Castlegar, Galway > Castleblakeney, Galway > City Centre, Galway > Claddaghduff, Galway > Claregalway, Galway > Clarinbridge, Galway > Clifden, Galway > Cloonboo, Galway > Menlo, Galway > Coose, Galway > Corcullen, Galway > Cornamona, Galway > Corrandulla, Galway > Corofin, Galway > Craughwell, Galway > Creggs, Galway > Gurteen, Galway > Dangan, Galway > Doughiska, Galway > Dunmore, Galway > Eyrecourt, Galway > Furbo, Galway > Cleggan, Galway > Glenamaddy, Galway > Glinsk, Galway > Gort, Galway > Headford, Galway > Headford Road, Galway > Inverin, Galway > Islands, Galway > Kilchreest, Galway > Keeraun, Galway > Kilcolgan, Galway > Killimor, Galway > Kilkieran, Galway > Kilreekil, Galway > Kiltormer, Galway > Kiltullagh, Galway > Kingston, Galway > Kinvara, Galway > Knocknacarra, Galway > Lackagh, Galway > Leenane, Galway > Letterfrack, Galway > Lettermore, Galway > Loughrea, Galway > Maam Cross, Galway > Merlin, Galway > Mervue, Galway > Monivea, Galway > Moycullen, Galway > Moyard, Galway > Moylough, Galway > Mount Bellew, Galway > Newcastle, Galway > New Inn, Galway > Oranmore, Galway > Oughterard, Galway > Portumna, Galway > Rahoon, Galway > Recess, Galway > Renmore, Galway > Renvyle, Galway > Roscam, Galway > Rosscahill, Galway > Rosmuck, Galway > Roundstone, Galway > Salthill, Galway > Shanbally, Galway > Shantalla, Galway > Spiddal, Galway > Taylors Hill, Galway > Terryland, Galway > Tirellan, Galway > Tonabrocky, Galway > Tuam, Galway > Tubber, Galway > Tullycross, Galway > Turloughmore, Galway > Wellpark, Galway > Williamstown, Galway > Woodford, Galway > Woodlawn, Galway > Clonbur, Galway > Cong, Galway > Ballinamore Bridge, Galway > Kilkerran, Galway > Milltown, Galway > Newbridge, Galway > Kylebrack, Galway > Costello, Galway > Caltra, Galway > Carnmore, Galway > Rossaveel, Galway > Poolboy, Galway > Colmanstown, Galway > Connemara, Galway > Belclare",Galway,domestic,color,"blue, red, green",blue,1,,"blue, red, green",,,,,,,
124,simple,12369,Galway City,1,1,visible,This is the first test product,lots more info,,,taxable,standard,1,0,1,5,12,1,Thanks so much!,4.99,5.99,25,"Galway City > Barna, Galway City > Ballybane, Galway City > Ballybrit, Galway City > Bohermore, Galway City > Boleybeg, Galway City > Bushypark, Galway City > Castlegar, Galway City > City Centre, Galway City > Claddagh, Galway City > Menlo, Galway City > Corcullen, Galway City > Dangan, Galway City > Doughiska, Galway City > Headford Road, Galway City > Keeraun, Galway City > Kingston, Galway City > Knocknacarra, Galway City > Merlin, Galway City > Mervue, Galway City > Menlough, Galway City > Newcastle, Galway City > Rahoon, Galway City > Renmore, Galway City > Roscam, Galway City > Salthill, Galway City > Shantalla, Galway City > Taylors Hill, Galway City > Terryland, Galway City > Tirellan, Galway City > Tonabrocky, Galway City > Wellpark, Galway City > Tuam Road, Galway City > Briarhill, Galway City > Murrough",Galway City,domestic,color,"blue, red, green",blue,1,,"blue, red, green",,,,,,,
124,simple,12369,Kerry,1,1,visible,This is the first test product,lots more info,,,taxable,standard,1,0,1,5,12,1,Thanks so much!,4.99,5.99,25,"Kerry > Ardfert, Kerry > Ballinskelligs, Kerry > Ballybunion, Kerry > Ballydavid, Kerry > Beaufort, Kerry > Ballyferriter, Kerry > Ballyard, Kerry > Ballyheigue, Kerry > Caherciveen, Kerry > Caherdaniel, Kerry > Camp, Kerry > Caragh Lake, Kerry > Castlecove, Kerry > Castleisland, Kerry > Cromane, Kerry > Dingle, Kerry > Farranfore, Kerry > Glenbeigh, Kerry > Valentia Island, Kerry > Kenmare, Kerry > Kilflynn, Kerry > Kilgarvan, Kerry > Killarney, Kerry > Killorglin, Kerry > Leith, Kerry > Listowel, Kerry > Lixnaw, Kerry > Milltown, Kerry > Moyvane, Kerry > Rathmore, Kerry > Rossbeigh, Kerry > Sneem, Kerry > Tarbert, Kerry > Tralee, Kerry > Waterville, Kerry > Lauragh, Kerry > Tuosist, Kerry > Fenit, Kerry > Castlemaine, Kerry > Brosna, Kerry > BallyLongford, Kerry > Causeway, Kerry > Lisselton, Kerry > Annascaul, Kerry > Abbeydorney, Kerry > Ballymacelligott, Kerry > Castlegregory, Kerry > Portmagee, Kerry > Cloghane, Kerry > Inch, Kerry > Lispole, Kerry > Ventry, Kerry > Dunquin, Kerry > Firies, Kerry > Scartaglin, Kerry > Knocknagoshel, Kerry > Duagh, Kerry > Ballyduff, Kerry > Brandon",Kerry,domestic,color,"blue, red, green",blue,1,,"blue, red, green",,,,,,,
124,simple,12369,Longford,1,1,visible,This is the first test product,lots more info,,,taxable,standard,1,0,1,5,12,1,Thanks so much!,4.99,5.99,25,"Longford > Ardagh, Longford > Aughnacliffe, Longford > Ballinalee, Longford > Ballymahon, Longford > Ballinamuck, Longford > Dring, Longford > Drumlish, Longford > Edgeworthstown, Longford > Granard, Longford > Keenagh, Longford > Lanesboro, Longford > Legan, Longford > Longford, Longford > Moyne, Longford > Newtownforbes, Longford > Newtowncashel, Longford > Ratharney, Longford > Rooskey, Longford > Tarmonbarry, Longford > Killashee, Longford > Clondra, Longford > Abbeyshrule, Longford > Clooneen",Longford,domestic,color,"blue, red, green",blue,1,,"blue, red, green",,,,,,,
124,simple,12369,Louth,1,1,visible,This is the first test product,lots more info,,,taxable,standard,1,0,1,5,12,1,Thanks so much!,4.99,5.99,25,"Louth > Annagassan, Louth > Ardee, Louth > Baltray, Louth > Blackrock, Louth > Carlingford, Louth > Castlebellingham, Louth > Clogherhead, Louth > Collon, Louth > Cooley, Louth > Drogheda, Louth > Dromiskin, Louth > Dunany, Louth > Dundalk, Louth > Dunleer, Louth > Grangebellew, Louth > Hackballscross, Louth > Knockbridge, Louth > Louth, Louth > Mansfieldstown, Louth > Monasterboice, Louth > Omeath, Louth > Ravensdale, Louth > Tallanstown, Louth > Termonfeckin, Louth > Tinure, Louth > Togher, Louth > Tullyallen",Louth,domestic,color,"blue, red, green",blue,1,,"blue, red, green",,,,,,,
124,simple,12369,Limerick,1,1,visible,This is the first test product,lots more info,,,taxable,standard,1,0,1,5,12,1,Thanks so much!,4.99,5.99,25,"Limerick > Abbeyfeale, Limerick > Adare, Limerick > Annacotty, Limerick > Askeaton, Limerick > Athlacca, Limerick > Ballinacurra, Limerick > Ballingarry, Limerick > Broadford, Limerick > Bruff, Limerick > Ballysheedy, Limerick > Ballysimon, Limerick > Caherconlish, Limerick > Caherdavin, Limerick > Cappamore, Limerick > Castleconnell, Limerick > Castletroy, Limerick > City Centre (Limerick), Limerick > Clareview, Limerick > Clarina, Limerick > Corbally, Limerick > Crecora, Limerick > Croagh, Limerick > Croom, Limerick > Doon, Limerick > Dooradoyle, Limerick > Dromore, Limerick > Drombanna, Limerick > Dromcollogher, Limerick > Dublin Road, Limerick > Ennis Road, Limerick > Fedamore, Limerick > Foynes, Limerick > Galbally, Limerick > Garryowen, Limerick > Glin, Limerick > Hospital, Limerick > Janesboro, Limerick > Kilbane, Limerick > Kildimo, Limerick > Kilmallock, Limerick > Lisnagry, Limerick > Kilcornan, Limerick > Monaleen, Limerick > Mungret, Limerick > Murroe, Limerick > Ballyneety, Limerick > Newcastle West, Limerick > Oola, Limerick > Pallaskenry, Limerick > Pallasgreen, Limerick > Patrickswell, Limerick > Rathkeale, Limerick > Shanagolden, Limerick > Limerick City, Limerick > Ardpatrick, Limerick > Kilfinane, Limerick > Knocklong, Limerick > Bruree, Limerick > Ballyclough, Limerick > Knockainey, Limerick > Ballylanders, Limerick > Feohanagh, Limerick > Granagh, Limerick > Herbertstown, Limerick > Kilteely, Limerick > Mountcollins, Limerick > Templeglantine, Limerick > Tournafulla, Limerick > Ardagh, Limerick > Grange, Limerick > Athea, Limerick > Kilmeedy, Limerick > Ballagh, Limerick > Ballyhahill, Limerick > Castletown, Limerick > Kilbehenny, Limerick > Monagea, Limerick > Castlemahon, Limerick > Kileedy, Limerick > Strand, Limerick > Clonmacken, Limerick > Redgate, Limerick > Anglesboro, Limerick > Feenagh, Limerick > Carrigkerry, Limerick > Elton, Limerick > Garryspillane, Limerick > Knockaderry, Limerick > Loughill, Limerick > Glenroe, Limerick > Coonagh, Limerick > Clondrinagh, Limerick > Rosbrien, Limerick > Boher, Limerick > Meanus, Limerick > Cappagh",Limerick,domestic,color,"blue, red, green",blue,1,,"blue, red, green",,,,,,,
124,simple,12369,Leitrim,1,1,visible,This is the first test product,lots more info,,,taxable,standard,1,0,1,5,12,1,Thanks so much!,4.99,5.99,25,"Leitrim > Rooskey, Leitrim > Aughavas, Leitrim > Ballinamore, Leitrim > Carrigallen, Leitrim > Carrick-on-Shannon, Leitrim > Cloone, Leitrim > Dowra, Leitrim > Dromod, Leitrim > Dromahair, Leitrim > Drumkeeran, Leitrim > Drumsna, Leitrim > Drumshanbo, Leitrim > Fenagh, Leitrim > Glenfarne, Leitrim > Gorvagh, Leitrim > Keshcarrigan, Leitrim > Kiltyclogher, Leitrim > Leitrim Village, Leitrim > Manorhamilton, Leitrim > Mohill, Leitrim > Newtowngore, Leitrim > Tullaghan, Leitrim > Kinlough, Leitrim > Ballinaglera, Leitrim > Ballinagleragh, Leitrim > Jamestown",Leitrim,domestic,color,"blue, red, green",blue,1,,"blue, red, green",,,,,,,
124,simple,12369,Laois,1,1,visible,This is the first test product,lots more info,,,taxable,standard,1,0,1,5,12,1,Thanks so much!,4.99,5.99,25,"Laois > Abbeyleix, Laois > Ballybrittas, Laois > Borris-in-Ossory, Laois > Ballyfin, Laois > Ballylynan, Laois > Ballyroan, Laois > Castletown, Laois > Clonaslee, Laois > Crettyard, Laois > Cullahill, Laois > Durrow, Laois > Emo, Laois > Errill, Laois > Killenard, Laois > Mountrath, Laois > Mountmellick, Laois > Portarlington, Laois > Portlaoise, Laois > Rathdowney, Laois > Shanahoe, Laois > Stradbally, Laois > Timahoe, Laois > Vicarstown, Laois > Magney, Laois > Killeen, Laois > Killeshin, Laois > Ballinakill, Laois > Ballickmoyler, Laois > Rosenallis",Laois,domestic,color,"blue, red, green",blue,1,,"blue, red, green",,,,,,,
124,simple,12369,Meath,1,1,visible,This is the first test product,lots more info,,,taxable,standard,1,0,1,5,12,1,Thanks so much!,4.99,5.99,25,"Meath > Gormanston, Meath > Naul, Meath > Ardcath, Meath > Ashbourne, Meath > Athboy, Meath > Athlumney, Meath > Ballivor, Meath > Ballinabrackey, Meath > Balrath, Meath > Batterstown, Meath > Bellewstown, Meath > Bettystown, Meath > Bullstown, Meath > Carlanstown, Meath > Carnaross, Meath > Castlejordan, Meath > Castletown, Meath > Clonee, Meath > Clonard, Meath > Clonmellon, Meath > Donacarney, Meath > Donore, Meath > Drogheda, Meath > Drumconrath, Meath > Drumone, Meath > Drumree, Meath > Duleek, Meath > Dunboyne, Meath > Dunsany, Meath > Dunshaughlin, Meath > Enfield, Meath > Fordstown, Meath > Garristown, Meath > Hammondtown, Meath > Johnstown, Meath > Jordanstown, Meath > Julianstown, Meath > Kells, Meath > Kentstown, Meath > Kilbride, Meath > Kilcock, Meath > Kildalkey, Meath > Kilmessan, Meath > Laytown, Meath > Longwood, Meath > Mornington, Meath > Moynalty, Meath > Navan, Meath > Nobber, Meath > Oldcastle, Meath > Oldtown, Meath > Rathmolyon, Meath > Ratoath, Meath > Slane, Meath > Stamullen, Meath > Summerhill, Meath > Tara, Meath > Trim, Meath > The Ward, Meath > Kinnegad, Meath > Kilcloon, Meath > Clonalvy, Meath > Lobinstown, Meath > Tullog, Meath > Kiltale",Meath,domestic,color,"blue, red, green",blue,1,,"blue, red, green",,,,,,,
124,simple,12369,Monaghan,1,1,visible,This is the first test product,lots more info,,,taxable,standard,1,0,1,5,12,1,Thanks so much!,4.99,5.99,25,"Monaghan > Smithborough, Monaghan > Ballinode, Monaghan > Ballybay, Monaghan > Carrickmacross, Monaghan > Castleblayney, Monaghan > Clontibret, Monaghan > Clones, Monaghan > Emyvale, Monaghan > Monaghan Town, Monaghan > Scotstown, Monaghan > Rockcorry, Monaghan > Tydavnet, Monaghan > Inniskeen, Monaghan > Glaslough, Monaghan > Newbliss, Monaghan > Scotshouse, Monaghan > Mullan, Monaghan > Corduff, Monaghan > Drum, Monaghan > Three Mile House, Monaghan > Aghabog",Monaghan,domestic,color,"blue, red, green",blue,1,,"blue, red, green",,,,,,,
124,simple,12369,Mayo,1,1,visible,This is the first test product,lots more info,,,taxable,standard,1,0,1,5,12,1,Thanks so much!,4.99,5.99,25,"Mayo > Achill, Mayo > Balla, Mayo > Ballina, Mayo > Ballindine, Mayo > Ballinrobe, Mayo > Ballyhaunis, Mayo > Bangor Erris, Mayo > Belmullet, Mayo > Castlebar, Mayo > Charlestown, Mayo > Claremorris, Mayo > Clonbur, Mayo > Cong, Mayo > Cross, Mayo > Crossmolina, Mayo > Foxford, Mayo > Hollymount, Mayo > Irishtown, Mayo > Islands, Mayo > Kilkelly, Mayo > Killala, Mayo > Kilmaine, Mayo > Kiltimagh, Mayo > Knock, Mayo > Lacken, Mayo > Leenane, Mayo > Louisburgh, Mayo > Mulranny, Mayo > The Neale, Mayo > Newport, Mayo > Partry, Mayo > Shrule, Mayo > Swinford, Mayo > Ballintober, Mayo > Tourmakeady, Mayo > Westport, Mayo > Doocastle, Mayo > Bohola, Mayo > Murrisk, Mayo > Geesala, Mayo > Kilmovee, Mayo > Rossport, Mayo > Ballycastle",Mayo,domestic,color,"blue, red, green",blue,1,,"blue, red, green",,,,,,,
124,simple,12369,Offaly,1,1,visible,This is the first test product,lots more info,,,taxable,standard,1,0,1,5,12,1,Thanks so much!,4.99,5.99,25,"Offaly > Portarlington, Offaly > Ballinagar, Offaly > Banagher, Offaly > Ballycumber, Offaly > Birr, Offaly > Clara, Offaly > Cloghan, Offaly > Clonbullogue, Offaly > Daingean, Offaly > Edenderry, Offaly > Ferbane, Offaly > Geashill, Offaly > Horseleap, Offaly > Kilcormac, Offaly > Killeigh, Offaly > Kinnitty, Offaly > Moneygall, Offaly > Rhode, Offaly > Shannonbridge, Offaly > Shinrone, Offaly > Tullamore, Offaly > Bracknagh, Offaly > Clonygowan, Offaly > Croghan, Offaly > Belmont, Offaly > Lusmagh, Offaly > Clareen, Offaly > Coolderry, Offaly > Pollagh",Offaly,domestic,color,"blue, red, green",blue,1,,"blue, red, green",,,,,,,
124,simple,12369,Roscommon,1,1,visible,This is the first test product,lots more info,,,taxable,standard,1,0,1,5,12,1,Thanks so much!,4.99,5.99,25,"Roscommon > Ballygar, Roscommon > Ballyforan, Roscommon > Rooskey, Roscommon > Carrick-on-Shannon, Roscommon > Athlone West, Roscommon > Arigna, Roscommon > Athleague, Roscommon > Ballagh, Roscommon > Ballaghaderreen, Roscommon > Ballinlough, Roscommon > Ballintubber, Roscommon > Ballydangan, Roscommon > Ballinagare, Roscommon > Ballinameen, Roscommon > Boyle, Roscommon > Brideswell, Roscommon > Castlecoote, Roscommon > Castlerea, Roscommon > Castleplunkett, Roscommon > Cloonfad, Roscommon > Cootehall, Roscommon > Corrigeenroe, Roscommon > Creggs, Roscommon > Croghan, Roscommon > Curraghboy, Roscommon > Derrane, Roscommon > Donamon, Roscommon > Dysart, Roscommon > Elphin, Roscommon > Four Mile House, Roscommon > Frenchpark, Roscommon > Fuerty, Roscommon > Gallowstown, Roscommon > Garranlahan, Roscommon > Keadue, Roscommon > Kilglass, Roscommon > Kilmore, Roscommon > Kilrooskey, Roscommon > Kiltoom, Roscommon > Kilteevan, Roscommon > Knockvicar, Roscommon > Knockcroghery, Roscommon > Lecarrow, Roscommon > Lisacul, Roscommon > Loughglynn, Roscommon > Mount Talbot, Roscommon > Roscommon, Roscommon > Scramoge, Roscommon > Strokestown, Roscommon > Tarmonbarry, Roscommon > Tibohine, Roscommon > Tulsk, Roscommon > Athlone East, Roscommon > Ballyleague, Roscommon > Hillstreet, Roscommon > Four Roads, Roscommon > Ballinaheglish, Roscommon > Rahara, Roscommon > Mount Prospect, Roscommon > Ballymurray, Roscommon > Ballyfarnon, Roscommon > Taghmaconnell, Roscommon > Lanesboro",Roscommon,domestic,color,"blue, red, green",blue,1,,"blue, red, green",,,,,,,
124,simple,12369,Sligo,1,1,visible,This is the first test product,lots more info,,,taxable,standard,1,0,1,5,12,1,Thanks so much!,4.99,5.99,25,"Sligo > Ballisodare, Sligo > East Sligo, Sligo > North Sligo, Sligo > Sligo City, Sligo > South Sligo, Sligo > Dromore West, Sligo > Easkey, Sligo > Enniscrone, Sligo > Achonry, Sligo > Aclare, Sligo > Ballinacarrow, Sligo > Ballinafad, Sligo > Ballinode, Sligo > Ballintogher, Sligo > Ballygawley, Sligo > Ballymote, Sligo > Ballyrush, Sligo > Beltra, Sligo > Buntra, Sligo > Bunduff, Sligo > Calry, Sligo > Carney, Sligo > Carrowmore, Sligo > Castlebaldwin, Sligo > Cliffoney, Sligo > Coolaney, Sligo > Culfadda, Sligo > Curry, Sligo > Doocastle, Sligo > Drumcliff, Sligo > Drumfin, Sligo > Dunally, Sligo > Gurteen, Sligo > Kilglass, Sligo > Knocknahur, Sligo > Lissadell, Sligo > Maugheraboy, Sligo > Monasteraden, Sligo > Mullaghmore, Sligo > Riverstown, Sligo > Rosscarbery, Sligo > Rosses point, Sligo > Strandhill, Sligo > Templeboy, Sligo > Tonaphubble, Sligo > Tourlestrane, Sligo > Tubbercurry, Sligo > West Sligo, Sligo > Grange, Sligo > Collooney, Sligo > Cloonloo, Sligo > Kilmactranny, Sligo > Ballyfarnon, Sligo > Geevagh, Sligo > Dromard, Sligo > Cloonacool, Sligo > Ballinfull",Sligo,domestic,color,"blue, red, green",blue,1,,"blue, red, green",,,,,,,
124,simple,12369,Tipperary,1,1,visible,This is the first test product,lots more info,,,taxable,standard,1,0,1,5,12,1,Thanks so much!,4.99,5.99,25,"Tipperary > Oola, Tipperary > Ballina, Tipperary > Ballyporeen, Tipperary > Ballycommon, Tipperary > Ballymackey, Tipperary > Bansha, Tipperary > Birdhill, Tipperary > Borrisokane, Tipperary > Cahir, Tipperary > Cappagh White, Tipperary > Carrick-on-Suir, Tipperary > Carrigahorig, Tipperary > Cashel, Tipperary > Clonmel, Tipperary > Cloughjordan, Tipperary > Coolbawn, Tipperary > Dolla, Tipperary > Dromineer, Tipperary > Dundrum, Tipperary > Emly, Tipperary > Fethard, Tipperary > Garrykennedy, Tipperary > Golden, Tipperary > Kilcommon, Tipperary > Killenaule, Tipperary > Lattin, Tipperary > Mullinahone, Tipperary > Nenagh, Tipperary > Newcastle, Tipperary > Newport, Tipperary > Newtown, Tipperary > Portroe, Tipperary > Puckane, Tipperary > Roscrea, Tipperary > Silvermines, Tipperary > Templemore, Tipperary > Terryglass, Tipperary > Thurles, Tipperary > Tipperary Town, Tipperary > Toomevara, Tipperary > Ardfinnan, Tipperary > Ballingarry, Tipperary > Ballinure, Tipperary > Ballylooby, Tipperary > Ballypatrick, Tipperary > Burncourt, Tipperary > Clerihan, Tipperary > Clogheen, Tipperary > Drangan, Tipperary > Kilsheelan, Tipperary > Kilusty, Tipperary > Knocklofty, Tipperary > Lisronagh, Tipperary > New Inn, Tipperary > Nine Mile House, Tipperary > Rosegreen, Tipperary > Cloneen, Tipperary > Borrisoleigh, Tipperary > Aherlow, Tipperary > Lorrha, Tipperary > Rathcabbin, Tipperary > Two Mile Borris, Tipperary > Grangemockler, Tipperary > Donohill, Tipperary > Holycross, Tipperary > Cullen, Tipperary > Monard, Tipperary > Clonoulty, Tipperary > Kilcash",Tipperary,domestic,color,"blue, red, green",blue,1,,"blue, red, green",,,,,,,
124,simple,12369,Waterford,1,1,visible,This is the first test product,lots more info,,,taxable,standard,1,0,1,5,12,1,Thanks so much!,4.99,5.99,25,"Waterford > Aglish, Tipperary > Ardmore, Tipperary > Ballyduff, Tipperary > Cappoquin, Tipperary > Cheekpoint, Tipperary > Cork Road, Tipperary > Dunmore East, Tipperary > Dungarvan, Tipperary > Dunmore Road, Tipperary > Faithlegg, Tipperary > Ferrybank, Tipperary > Gracedieu, Tipperary > Kill, Tipperary > Kilmacthomas, Tipperary > Kilmacow, Tipperary > Lismore, Tipperary > Passage East, Tipperary > Portlaw, Tipperary > Ring, Tipperary > Stradbally, Tipperary > Tallow, Tipperary > Tramore, Tipperary > Waterford City, Tipperary > Woodstown, Tipperary > Ballinamult, Tipperary > Ballymacarbry, Tipperary > Carrick-beg, Tipperary > Clonea-Power, Tipperary > Lemybrien, Tipperary > Mahon-Bridge, Tipperary > Rathgormack, Tipperary > Annestown, Tipperary > Bonmahon, Tipperary > Dunhill, Tipperary > Grantstown, Tipperary > Knockanore, Tipperary > Killowen, Tipperary > Clashmore, Tipperary > Kilmeaden, Tipperary > Pilltown, Tipperary > Villierstown, Tipperary > Butlerstown, Tipperary > Kinsalebeg, Tipperary > Knockanne, Tipperary > Fenor, Tipperary > Ballygunner",Waterford,domestic,color,"blue, red, green",blue,1,,"blue, red, green",,,,,,,
124,simple,12369,Westmeath,1,1,visible,This is the first test product,lots more info,,,taxable,standard,1,0,1,5,12,1,Thanks so much!,4.99,5.99,25,"Westmeath > Finea, Westmeath > Clonard, Westmeath > Horseleap, Westmeath > Athlone West, Westmeath > Ardmorney, Westmeath > Athlone East, Westmeath > Ballinalack, Westmeath > Ballinagore, Westmeath > Ballinahown, Westmeath > Bracklin, Westmeath > Ballykeeran, Westmeath > Ballymahon, Westmeath > Ballynafid, Westmeath > Ballynacarrigy, Westmeath > Castlepollard, Westmeath > Castletown, Westmeath > Clonmellon, Westmeath > Collinstown, Westmeath > Coole, Westmeath > Crookedwood, Westmeath > Delvin, Westmeath > Drumraney, Westmeath > Dysart, Westmeath > Fore, Westmeath > Geoghegan, Westmeath > Glasson, Westmeath > Kilbeggan, Westmeath > Killucan, Westmeath > Kinnegad, Westmeath > Lismacaffrey, Westmeath > Milltownpass, Westmeath > Mount Temple, Westmeath > Moate, Westmeath > Ballymore, Westmeath > Moyvore, Westmeath > Mullingar, Westmeath > Multyfarnham, Westmeath > Raharney, Westmeath > Rathowen, Westmeath > Rathconrath, Westmeath > Rochfortbridge, Westmeath > Streamstown, Westmeath > Streete, Westmeath > Tang, Westmeath > Tyrrellspass",Westmeath,domestic,color,"blue, red, green",blue,1,,"blue, red, green",,,,,,,
124,simple,12369,Wicklow,1,1,visible,This is the first test product,lots more info,,,taxable,standard,1,0,1,5,12,1,Thanks so much!,4.99,5.99,25,"Wicklow > Rathdangan, Wicklow > Arklow, Wicklow > Ashford, Wicklow > Aughrim, Wicklow > Aughavannagh, Wicklow > Avoca, Wicklow > Baltinglass, Wicklow > Blessington, Wicklow > Bray, Wicklow > Brittas, Wicklow > Brittas Bay, Wicklow > Carnew, Wicklow > Delgany, Wicklow > Donard, Wicklow > Dunlavin, Wicklow > Enniskerry, Wicklow > Glen of Imaal, Wicklow > Grange Con, Wicklow > Greystones, Wicklow > Hollywood, Wicklow > Kilcoole, Wicklow > Kilmacanogue, Wicklow > Kilpedder, Wicklow > Kilquade, Wicklow > Knockananna, Wicklow > Lacken, Wicklow > Laragh, Wicklow > Glendalough, Wicklow > Glenmalure, Wicklow > Glenealy, Wicklow > Newcastle, Wicklow > Newtownmountkennedy, Wicklow > Rathdrum, Wicklow > Rathnew, Wicklow > Redcross, Wicklow > Roundwood, Wicklow > Shillelagh, Wicklow > Stratford-on-Slaney, Wicklow > Kiltegan, Wicklow > Tinahely, Wicklow > Wicklow, Wicklow > Woodenbridge, Wicklow > Valleymount, Wicklow > Blainroe, Wicklow > Kilbride, Wicklow > Annamoe, Wicklow > Ballinaclash, Wicklow > Greenan, Wicklow > Manor Kilbride, Wicklow > Glencree, Wicklow > Glen Of The Downs",Wicklow,domestic,color,"blue, red, green",blue,1,,"blue, red, green",,,,,,,
124,simple,12369,Wexford,1,1,visible,This is the first test product,lots more info,,,taxable,standard,1,0,1,5,12,1,Thanks so much!,4.99,5.99,25,"Wexford > Annagh, Wexford > Ardamine, Wexford > Arthurstown, Wexford > Ballyedmond, Wexford > Ballycanew, Wexford > Ballycullane, Wexford > Blackwater, Wexford > Bree, Wexford > Bunclody, Wexford > Camolin, Wexford > Campile, Wexford > Castletown, Wexford > Clonegal, Wexford > Clonroche, Wexford > Clogh, Wexford > Coolgreany, Wexford > Courtown, Wexford > Craanford, Wexford > Creagh, Wexford > Castlebridge, Wexford > Curracloe, Wexford > Duncannon, Wexford > Enniscorthy, Wexford > Ferns, Wexford > Fethard, Wexford > Foulksmills, Wexford > Ballygarrett, Wexford > Gorey, Wexford > Hollyfort, Wexford > Inch, Wexford > Kilanerin, Wexford > Kilmuckridge, Wexford > Kilmore Quay, Wexford > Kilrush, Wexford > Kiltealy, Wexford > Monaseed, Wexford > Ballymoney, Wexford > New Ross, Wexford > Oilgate, Wexford > Raheenagurran, Wexford > Rosslare, Wexford > Rosslare Strand, Wexford > Taghmon, Wexford > Tara Hill, Wexford > Wellingtonbridge, Wexford > Wexford Town, Wexford > St. Helens, Wexford > Kilrane, Wexford > Killinick, Wexford > Crossabeg, Wexford > Piercestown, Wexford > The Ballagh, Wexford > Monageer, Wexford > Barntown, Wexford > Oulart, Wexford > Palace, Wexford > Our Lady's Island, Wexford > Murrintown, Wexford > Duncormick, Wexford > Killurin, Wexford > Cleariestown, Wexford > Bridgetown, Wexford > Tagoat, Wexford > Tacumshane, Wexford > Mayglass, Wexford > Ballymitty, Wexford > Camross, Wexford > Adamstown, Wexford > Ballymurn, Wexford > Screen, Wexford > Kilmore Village, Wexford > Monamolin, Wexford > Tomhaggard, Wexford > Bannow",Wexford,domestic,color,"blue, red, green",blue,1,,"blue, red, green",,,,,,,
124,simple,12369,Limerick City,1,1,visible,This is the first test product,lots more info,,,taxable,standard,1,0,1,5,12,1,Thanks so much!,4.99,5.99,25,"Limerick City > Ballinacurra, Limerick City > Ballysimon, Limerick City > Caherdavin, Limerick City > Castletroy, Limerick City > City Centre (Limerick), Limerick City > Clareview, Limerick City > Corbally, Limerick City > Dooradoyle, Limerick City > Dromore, Limerick City > Dublin Road, Limerick City > Ennis Road, Limerick City > Garryowen, Limerick City > Janesboro, Limerick City > Kilbane, Limerick City > Monaleen, Limerick City > Moyross, Limerick City > North Circular Road, Limerick City > Old Singland Road, Limerick City > Pennywell, Limerick City > Raheen, Limerick City > Rathbane, Limerick City > Rhebogue, Limerick City > Sth Circ Rd, Limerick City > Thomondgate, Limerick City > Roxboro, Limerick City > Plassey, Limerick City > Ballynanty, Limerick City > Farranshone, Limerick City > Woodview",Limerick City,domestic,color,"blue, red, green",blue,1,,"blue, red, green",,,,,,,
125,simple,12370,Kildare,1,1,visible,This is the first test product,lots more info,,,taxable,standard,1,0,1,5,12,1,Thanks so much!,4.99,5.99,25,"Kildare > Allen, Kildare > Allenwood, Kildare > Athgarvan, Kildare > Athy, Kildare > Ballymore Eustace, Kildare > Ballitore, Kildare > Brannockstown, Kildare > Broadford, Kildare > Brownstown, Kildare > Ballysax, Kildare > Ballyshannon, Kildare > Calverstown, Kildare > Carbury, Kildare > Caragh, Kildare > Castledermot, Kildare > Celbridge, Kildare > Clane, Kildare > Curragh, Kildare > Derrinturn, Kildare > Donadea, Kildare > Coill Dubh, Kildare > Eadestown, Kildare > Enfield, Kildare > Johnstown, Kildare > Johnstownbridge, Kildare > Kildare Town, Kildare > Kilcullen, Kildare > Kilcock, Kildare > Kildangan, Kildare > Kilkea, Kildare > Kill, Kildare > Kilmeage, Kildare > Kilteel, Kildare > Leixlip, Kildare > Maynooth, Kildare > Milltown, Kildare > Monasterevin, Kildare > Moone, Kildare > Moyvalley, Kildare > Naas, Kildare > Newbridge, Kildare > Nurney, Kildare > Pollardstown, Kildare > Prosperous, Kildare > Rathangan, Kildare > Robertstown, Kildare > Sallins, Kildare > Straffan, Kildare > Suncroft, Kildare > Timolin, Kildare > Two Mile House, Kildare > Edenderry, Kildare > Narraghmore, Kildare > Kilcloon, Kildare > Rathcoffey, Kildare > Kilmead",Kildare,domestic,color,"blue, red, green",blue,1,,"blue, red, green",,,,,,,
126,simple,12370,Kilkenny,1,1,visible,This is the first test product,lots more info,,,taxable,standard,1,0,1,5,12,1,Thanks so much!,4.99,5.99,25,"Kilkenny > Ballyhale, Kilkenny > Bennettsbridge, Kilkenny > Ballyragget, Kilkenny > Callan, Kilkenny > Castlecomer, Kilkenny > Cuffesgrange, Kilkenny > Dunmore, Kilkenny > Kilkenny, Kilkenny > Fiddown, Kilkenny > Freshford, Kilkenny > Glenmore, Kilkenny > Goresbridge, Kilkenny > Gowran, Kilkenny > Graiguenamanagh, Kilkenny > Inistioge, Kilkenny > Johnstown, Kilkenny > Kells, Kilkenny > Kilmacow, Kilkenny > Kilmoganny, Kilkenny > Knocktopher, Kilkenny > Mooncoin, Kilkenny > Mullinavat, Kilkenny > Mullinbeg, Kilkenny > Owning, Kilkenny > Paulstown, Kilkenny > Piltown, Kilkenny > Slieverue, Kilkenny > Stoneyford, Kilkenny > Templorum, Kilkenny > Thomastown, Kilkenny > Tullogher, Kilkenny > Urlingford, Kilkenny > Windgap, Kilkenny > Jenkinstown, Kilkenny > Conahy, Kilkenny > The Rower, Kilkenny > Clara, Kilkenny > Rosbercon, Kilkenny > Lisdowney, Kilkenny > Ballycallan, Kilkenny > Kilmanagh, Kilkenny > Ballyfoyle, Kilkenny > Hugginstown, Kilkenny > Tullaroan, Kilkenny > Loughboy, Kilkenny > Crosspatrick, Kilkenny > Threecastles, Kilkenny > Galmoy",Kilkenny,domestic,color,"blue, red, green",blue,1,,"blue, red, green",,,,,,,
127,simple,12371,West Cork,1,1,visible,This is the first test product,lots more info,,,taxable,standard,1,0,1,5,12,1,Thanks so much!,4.99,5.99,25,"West Cork > Allihies, West Cork > Ballineen, West Cork > Baltimore, West Cork > Bandon, West Cork > Bantry, West Cork > Ballydehob, West Cork > Beara, West Cork > Barley Cove, West Cork > Ballinspittle, West Cork > Castletown Berehaven, West Cork > Clonakilty, West Cork > Courtmacsherry, West Cork > Castletownsend, West Cork > Drimoleague, West Cork > Drinagh, West Cork > Dunmanway, West Cork > Enniskeane, West Cork > Glandore, West Cork > Glengarriff, West Cork > Innishannon, West Cork > Islands, West Cork > Kilbrittain, West Cork > Kilcrohane, West Cork > Kinsale, West Cork > Leap, West Cork > Lislevane, West Cork > Rosscarbery, West Cork > Skibbereen, West Cork > Schull, West Cork > Timoleague, West Cork > Union Hall, West Cork > Killeens, West Cork > Goleen, West Cork > Crookhaven, West Cork > Adrigole, West Cork > Ahakista, West Cork > Ardgroom, West Cork > Bere Island, West Cork > Eyeries, West Cork > Durrus, West Cork > Toormore, West Cork > Ballinascarty, West Cork > Fivemilebridge, West Cork > Kealkill, West Cork > Ballylickey, West Cork > Garrettstown, West Cork > Sherkin Island, West Cork > Ballingeary",Limerick City,domestic,color,"blue, red, green",blue,1,,"blue, red, green",,,,,,,